R#,PLAYER,POS,TEAM,GP,MPG,FG%,FT%,3PM,PTS,TREB,AST,STL,BLK,TO,TOTAL
1,Nikola Jokic ,"PF,C",DEN,77,35.1,0.565(10.6/18.8),0.868(5.2/6.0),1.3,27.8,11,7.9,1.3,0.7,3.1,14.76
2,James Harden,"PG,SG",BRO,75,35.5,0.469(8.0/17.0),0.869(5.9/6.8),2.9,24.7,8,10.5,1.2,0.8,3.9,12.06
3,Stephen Curry ,"PG,SG",GSW,73,34,0.476(10.0/21.1),0.916(5.6/6.1),5,30.7,5.5,5.8,1.2,0.1,3.4,11.77
4,Kevin Durant,"SF,PF",BRO,68,33.1,0.529(9.0/17.0),0.882(6.0/6.8),2.3,26.3,7.1,5,0.7,1.3,3.4,10.84
5,Damian Lillard ,PG,POR,76,34.8,0.452(8.8/19.3),0.930(6.5/7.0),4,27.9,4.1,7.3,0.9,0.3,2.9,10.09
6,Karl-Anthony Towns,C,MIN,72,33.9,0.486(8.5/17.6),0.855(5.3/6.2),2.4,24.8,10.6,4.5,0.8,1.3,3.2,9.95
7,Bradley Beal,"SG,SF",WAS,68,34.6,0.469(11.2/23.8),0.879(6.8/7.7),2.6,31.8,4.7,5.8,1.2,0.4,3.1,9.27
8,Joel Embiid ,"PF,C",PHI,65,30.4,0.502(9.0/17.9),0.822(8.3/10.0),1.1,27.3,10.1,2.7,1,1.3,3,8.68
9,Jayson Tatum,"SF,PF",BOS,76,35.1,0.459(10.1/22.1),0.864(4.8/5.5),3,28.1,7.4,4.6,1.2,0.5,2.7,8.16
10,Giannis Antetokounmpo,"PF,C",MIL,74,33,0.572(10.3/18.0),0.684(6.5/9.5),1.1,28,11,5.9,1.2,1.2,3.4,7.99
11,Paul George ,"SF,PF",LAC,74,34,0.461(8.9/19.2),0.882(3.8/4.3),3.5,25.1,6.8,5.4,1.1,0.4,3.4,7.88
12,Luka Doncic ,"PG,SG",DAL,75,34.1,0.478(10.0/20.9),0.742(5.3/7.2),3,28.3,8.2,8.8,1,0.5,4.4,7.36
R#,PLAYER,POS,TEAM,GP,MPG,FG%,FT%,3PM,PTS,TREB,AST,STL,BLK,TO,TOTAL
13,Anthony Davis,"PF,C",LAL,69,32.6,0.499(9.0/18.0),0.771(4.2/5.5),0.9,23.1,8.8,2,1.3,2,2,7.32
14,Trae Young,PG,ATL,78,33.2,0.441(7.9/17.8),0.889(6.6/7.4),2.4,24.7,3.8,9.5,0.8,0.2,4,6.8
15,Kyrie Irving ,"PG,SG",BRO,42,33.1,0.492(8.9/18.1),0.904(2.5/2.8),2.7,23,3.7,5.2,1.2,0.5,2.6,6.49
16,Bam Adebayo ,"PF,C",MIA,76,33.6,0.568(7.1/12.5),0.799(4.4/5.5),0,18.7,8.9,4.1,1.2,1,2.6,6.38
17,Fred VanVleet,"PG,SG",TOR,70,34.8,0.402(6.8/16.9),0.892(3.1/3.5),3.4,20.2,4,6,1.6,0.7,1.7,6.34
18,Jimmy Butler ,"SF,PF",MIA,72,32.8,0.492(6.7/13.7),0.864(6.6/7.6),0.5,20.5,5.4,4.3,1.7,0.3,2,6.22
19,Domantas Sabonis,"PF,C",IND,72,35.3,0.534(7.6/14.3),0.736(3.8/5.2),0.8,19.9,11.6,6.4,1.2,0.5,3.3,6.2
20,Shai Gilgeous-Alexander ,"PG,SG",OKL,70,34.1,0.510(8.3/16.3),0.815(5.4/6.6),2,24,4.9,6,0.8,0.7,3,6.15
21,Nikola Vucevic,C,CHI,76,32.8,0.472(8.4/17.8),0.860(1.9/2.2),2,20.7,11.1,2.9,0.9,0.8,1.8,5.97
22,LeBron James,"PG,SG,SF",LAL,74,32.4,0.514(9.1/17.7),0.702(3.9/5.5),2.2,24.3,7.4,7.3,1.1,0.6,3.6,5.86
23,Chris Paul,PG,PHX,72,30.4,0.486(6.0/12.4),0.922(2.4/2.6),1.5,15.9,4.4,8.6,1.3,0.3,2.2,5.78
24,Zach LaVine,"SG,SF",CHI,72,34,0.491(9.3/19.0),0.843(4.0/4.8),3.3,26,4.6,4.1,0.8,0.5,3.3,5.77
R#,PLAYER,POS,TEAM,GP,MPG,FG%,FT%,3PM,PTS,TREB,AST,STL,BLK,TO,TOTAL
25,LaMelo Ball,"PG,SG",CHA,73,32.8,0.445(6.9/15.4),0.774(2.9/3.7),2.1,18.6,6.7,7,1.8,0.5,3.2,5.69
26,Michael Porter Jr. ,"SF,PF",DEN,67,32.5,0.516(7.9/15.3),0.816(2.0/2.4),3,20.8,7.9,1.2,0.7,0.9,1.4,5.61
27,Jrue Holiday,"PG,SG",MIL,72,32.1,0.500(6.9/13.9),0.781(1.8/2.3),1.9,17.5,4.5,6,1.6,0.6,2.2,5.56
28,Jaren Jackson Jr.,"PF,C",MEM,70,31.4,0.468(5.9/12.7),0.811(4.0/4.9),2,17.8,6.9,1.4,1.1,1.8,1.9,5.51
29,Rudy Gobert,C,UTA,76,30.9,0.671(5.5/8.2),0.622(3.3/5.3),0,14.4,13.5,1.3,0.6,2.7,1.7,5.38
30,Richaun Holmes,"PF,C",SAC,72,31.2,0.637(6.3/10.0),0.785(2.3/3.0),0,15,8.8,1.8,0.6,1.7,1.3,5.38
31,Tobias Harris ,"SF,PF",PHI,75,32.5,0.510(7.6/14.9),0.878(2.9/3.3),1.3,19.4,6.8,3.5,0.9,0.8,1.7,5.31
32,Donovan Mitchell,"PG,SG",UTA,72,33.4,0.441(9.1/20.7),0.834(5.0/6.0),3.4,26.6,4.4,5.5,1,0.3,2.8,5.2
33,Myles Turner,"PF,C",IND,72,30.6,0.478(4.3/9.1),0.759(2.2/3.0),1.5,12.4,6.4,1,0.9,3,1.4,5.19
34,Kristaps Porzingis ,"PF,C",DAL,69,30.9,0.451(7.9/17.5),0.856(2.8/3.3),2.4,21,9.3,1.7,0.5,1.5,1.2,5.12
35,Jaylen Brown ,"SG,SF",BOS,70,34.1,0.483(9.2/19.0),0.768(3.7/4.8),2.9,24.9,5.9,3.4,1.2,0.6,2.7,5.12
36,Brandon Ingram ,"SF,PF",NOP,73,34.5,0.464(8.5/18.2),0.869(4.6/5.3),2.3,23.9,4.9,4.9,0.7,0.6,2.5,5.06
R#,PLAYER,POS,TEAM,GP,MPG,FG%,FT%,3PM,PTS,TREB,AST,STL,BLK,TO,TOTAL
37,Deandre Ayton,C,PHX,76,31.8,0.617(6.8/10.9),0.772(2.0/2.6),0.2,15.6,10.9,1.5,0.6,1.2,1.6,4.91
38,Clint Capela,C,ATL,75,31.5,0.586(6.5/11.0),0.582(2.0/3.4),0,14.9,14.9,0.8,0.7,2.1,1.3,4.84
39,Khris Middleton,"SF,PF",MIL,75,33.1,0.474(7.4/15.7),0.885(3.1/3.5),2.2,20.2,6,5.4,1.1,0.1,2.6,4.79
40,Devin Booker,"SG,SF",PHX,76,34.6,0.484(9.5/19.5),0.865(5.2/6.0),1.9,26.1,4.3,4.4,0.8,0.2,3.2,4.57
41,Julius Randle,"PF,C",NYK,77,36.4,0.463(7.8/16.8),0.816(4.7/5.8),1.8,22.1,9.8,4.8,0.9,0.3,3.3,4.52
42,OG Anunoby,"SF,PF",TOR,70,33.9,0.473(6.2/13.1),0.789(2.1/2.7),2.7,17.2,5.6,2.4,1.5,0.7,1.7,4.32
43,Tyrese Haliburton,"PG,SG",SAC,72,32.1,0.472(6.1/13.0),0.884(1.0/1.1),2.5,15.8,3.2,5.6,1.4,0.5,1.7,4.31
44,Robert Williams,C,BOS,68,23.5,0.695(4.2/6.0),0.636(1.1/1.7),0,9.5,8,2.1,0.9,2,1.2,4.2
45,Zion Williamson ,PF,NOP,60,31.5,0.602(10.2/17.0),0.699(6.0/8.6),0.2,26.6,7.1,4,1,0.7,2.9,4.19
46,CJ McCollum,"PG,SG",POR,72,33.5,0.457(8.5/18.5),0.822(2.3/2.8),3.5,22.7,3.8,4.6,0.9,0.4,1.4,4.12
47,Lonzo Ball,"PG,SG",CHI,70,33.1,0.420(5.4/12.8),0.777(0.9/1.2),3,14.7,4.9,5.9,1.5,0.6,2.3,4.02
48,John Collins,"PF,C",ATL,75,30.2,0.575(6.7/11.7),0.834(2.7/3.2),1.3,17.4,7.3,1.2,0.5,1,1.3,4.02
R#,PLAYER,POS,TEAM,GP,MPG,FG%,FT%,3PM,PTS,TREB,AST,STL,BLK,TO,TOTAL
49,Draymond Green,"PF,C",GSW,72,32.7,0.449(2.8/6.2),0.797(1.1/1.4),0.5,7.3,7.5,7.9,1.6,0.8,3.1,4
50,Gordon Hayward ,"SG,SF",CHA,68,33.1,0.473(6.9/14.6),0.858(3.5/4.1),1.9,19.2,5.7,4,1.2,0.3,2.1,3.99
51,Pascal Siakam ,"PF,C",TOR,59,34.5,0.454(7.5/16.5),0.832(4.3/5.2),1.3,20.6,6.9,4.3,1.1,0.7,2.2,3.95
52,Derrick White,"PG,SG",SAS,69,33,0.440(6.7/15.3),0.843(3.0/3.6),2.6,19.1,3.4,4.4,1,1,1.5,3.91
53,De'Aaron Fox,PG,SAC,73,34.7,0.475(9.5/20.0),0.722(5.2/7.2),1.8,26,3.5,7.2,1.5,0.5,3,3.84
54,Dejounte Murray,"PG,SG",SAS,74,33.4,0.455(6.9/15.1),0.799(1.7/2.1),0.9,16.4,7.4,6.8,1.6,0.1,1.8,3.81
55,Mike Conley,PG,UTA,68,29.5,0.445(5.5/12.4),0.858(2.4/2.8),2.7,16,3.3,5.9,1.3,0.2,1.9,3.43
56,Jakob Poeltl,C,SAS,77,31.3,0.603(4.4/7.4),0.583(1.1/1.8),0,9.9,9.4,2.2,0.8,2.1,1.4,3.43
57,Jusuf Nurkic,C,POR,69,29.4,0.500(6.0/12.0),0.714(2.5/3.5),0.3,14.7,10.1,3,1,1.5,2.6,3.43
58,Malcolm Brogdon ,"PG,SG",IND,70,34.1,0.445(7.5/16.8),0.845(2.7/3.2),2.5,20.1,5.1,5.8,0.9,0.3,2.1,3.42
59,Mikal Bridges,"SG,SF",PHX,78,32.8,0.538(5.0/9.3),0.829(1.5/1.8),1.9,13.5,4.3,2.1,1.1,0.9,0.8,3.32
60,Terry Rozier ,"PG,SG",CHA,75,34.1,0.441(7.1/16.2),0.829(2.4/2.9),3,19.6,4.3,4.1,1.2,0.4,1.9,3.31
R#,PLAYER,POS,TEAM,GP,MPG,FG%,FT%,3PM,PTS,TREB,AST,STL,BLK,TO,TOTAL
61,Kyle Lowry ,PG,MIA,72,32.1,0.438(5.2/12.0),0.857(2.8/3.2),2.7,15.9,4.8,6.4,0.9,0.3,2.5,3.2
62,Jonas Valanciunas,C,NOP,73,29.4,0.574(6.2/10.8),0.776(2.4/3.0),0.3,15.1,10.8,1.8,0.5,0.9,1.6,3.13
63,Bogdan Bogdanovic,"SF,PF",ATL,68,29.6,0.476(6.1/12.8),0.900(0.9/1.0),3.3,16.3,3.6,3.3,1.1,0.3,1.2,3.12
64,Darius Garland ,PG,CLE,70,33.7,0.457(7.7/16.9),0.872(2.2/2.5),2.2,19.9,2.5,6.4,1.3,0.1,3.1,3.01
65,Russell Westbrook,PG,LAL,76,34.1,0.468(7.3/15.6),0.706(3.6/5.0),1.1,19.3,8.2,7.9,1.2,0.3,3.9,2.82
66,Ja Morant,PG,MEM,73,33.6,0.466(7.6/16.3),0.769(4.5/5.9),1.4,21.2,4.5,7.9,1,0.3,3.3,2.81
67,Jerami Grant,"SF,PF",DET,74,32.4,0.450(6.4/14.1),0.843(5.2/6.1),2,19.9,4.4,2.7,0.6,1.1,1.9,2.74
68,Caris LeVert ,"SG,SF",IND,68,30.2,0.440(7.1/16.2),0.812(2.9/3.6),1.7,18.9,4.3,4.9,1.3,0.6,2.1,2.74
69,Collin Sexton ,"PG,SG",CLE,75,35.4,0.474(8.6/18.1),0.820(5.2/6.4),1.6,23.9,3.2,4.2,1.1,0.2,2.8,2.73
70,Kemba Walker,PG,NYK,67,30.1,0.421(6.3/14.9),0.885(2.9/3.3),2.8,18.3,3.8,4.6,1,0.3,1.9,2.66
71,Isaiah Stewart,"PF,C",DET,75,30.1,0.543(4.6/8.5),0.732(1.4/1.9),0.4,11.1,9.1,1.3,0.8,1.6,1.4,2.65
72,Anthony Edwards,"SG,SF",MIN,77,34.5,0.436(7.9/18.0),0.789(3.2/4.1),2.6,21.5,4.9,3.5,1.2,0.5,2.4,2.63
R#,PLAYER,POS,TEAM,GP,MPG,FG%,FT%,3PM,PTS,TREB,AST,STL,BLK,TO,TOTAL
73,Kawhi Leonard ,"SG,SF",LAC,10,25.1,0.474(6.4/13.5),0.834(3.6/4.3),1.4,17.8,4.7,3.7,1.2,0.3,1.7,2.45
74,Christian Wood,"PF,C",HOU,70,32.5,0.513(7.6/14.9),0.646(3.0/4.6),1.8,20,9.3,1.6,0.8,1.1,1.9,2.34
75,Jarrett Allen,C,CLE,74,31.4,0.611(5.0/8.2),0.695(3.4/4.9),0.1,13.6,10.6,1.8,0.5,1.5,1.7,2.23
76,PJ Washington,"PF,C",CHA,74,30.5,0.447(4.8/10.7),0.753(1.8/2.4),1.8,13.1,6.6,2.5,1.1,1.2,2,2.16
77,Robert Covington,"PF,C",POR,76,32,0.423(3.5/8.2),0.778(0.7/0.9),2,9.7,6.7,1.7,1.4,1,0.9,2.14
78,DeMar DeRozan,"SF,PF",CHI,76,32.2,0.501(7.0/14.0),0.874(5.4/6.2),0.3,19.7,3.7,3.9,0.8,0.2,1.7,2.12
79,Kevin Porter Jr.,"SG,SF",HOU,70,33.1,0.438(6.7/15.2),0.752(2.6/3.5),2.2,18.1,4.2,7.1,1.2,0.4,3.3,2.11
80,Chris Boucher ,"PF,C",TOR,64,26.1,0.512(4.4/8.5),0.780(2.3/2.9),1.4,12.4,6.2,1,0.5,1.7,0.7,1.96
81,Ben Simmons ,PG,PHI,64,32.5,0.554(5.6/10.1),0.612(3.0/4.9),0.1,14.3,7.2,7,1.6,0.6,3,1.92
82,Mitchell Robinson ,C,NYK,69,27.1,0.641(3.9/6.1),0.553(1.0/1.8),0,8.8,8.2,0.5,1.1,1.7,0.9,1.91
83,Marcus Smart ,"PG,SG",BOS,70,32,0.415(4.4/10.6),0.794(2.6/3.3),1.9,13.4,3.4,5.8,1.5,0.5,1.9,1.91
84,Nickeil Alexander-Walker,"SG,SF",NOP,71,28.5,0.437(5.9/13.4),0.765(1.4/1.8),2.4,15.5,4.2,3,1.4,0.7,2,1.85
R#,PLAYER,POS,TEAM,GP,MPG,FG%,FT%,3PM,PTS,TREB,AST,STL,BLK,TO,TOTAL
85,D'Angelo Russell ,"PG,SG",MIN,70,30.2,0.432(7.1/16.3),0.751(2.8/3.8),3,20,2.8,6.1,1.1,0.4,2.8,1.82
86,Jamal Murray ,"PG,SG",DEN,19,28.1,0.466(6.2/13.4),0.874(2.2/2.5),2.1,16.8,3.2,3.8,1,0.2,1.7,1.79
87,Cade Cunningham ,"PG,SG",DET,74,31.7,0.426(5.8/13.6),0.841(2.9/3.5),1.9,16.4,4.8,3.7,1.2,0.6,3.5,1.73
88,Evan Fournier,"SG,SF",NYK,70,31,0.453(5.5/12.1),0.807(2.6/3.2),2.8,16.4,3,3,1.1,0.5,1.7,1.71
89,Norman Powell,"SG,SF",POR,75,32.1,0.467(6.0/12.9),0.870(3.3/3.8),2.4,17.7,3,1.8,1,0.3,1.7,1.7
90,Buddy Hield,"SG,SF",SAC,76,33.3,0.418(5.5/13.2),0.801(1.2/1.5),3.9,16.1,4.6,3.5,0.9,0.4,1.8,1.67
91,T.J. McConnell,"PG,SG",IND,76,23.7,0.564(3.7/6.5),0.719(0.5/0.6),0.2,7.8,3.4,6,1.7,0.3,1.8,1.65
92,Brook Lopez,C,MIL,75,27.1,0.506(4.6/9.0),0.849(1.7/2.0),1.4,12.2,5,0.7,0.6,1.5,0.9,1.56
93,Nerlens Noel ,"PF,C",NYK,70,24.8,0.599(2.2/3.7),0.724(0.8/1.2),0,5.3,6.7,0.7,1,2,1.1,1.5
94,Kelly Olynyk,"PF,C",DET,73,27.2,0.460(4.2/9.0),0.841(2.0/2.3),1.7,11.9,6.4,2.7,1,0.6,1.7,1.46
95,Harrison Barnes,"SF,PF",SAC,72,35.1,0.486(5.3/10.9),0.831(3.3/4.0),1.6,15.6,6.4,3.4,0.7,0.2,1.6,1.45
96,Spencer Dinwiddie,"PG,SG",WAS,69,30.7,0.429(5.9/13.8),0.797(3.6/4.5),2,17.4,3.9,6.8,0.8,0.3,3,1.23
R#,PLAYER,POS,TEAM,GP,MPG,FG%,FT%,3PM,PTS,TREB,AST,STL,BLK,TO,TOTAL
97,Miles Bridges ,"SF,PF",CHA,77,28.4,0.500(4.5/9.1),0.884(1.5/1.6),1.7,12.3,5.8,2.1,0.6,0.8,1.6,1.21
98,Derrick Favors ,C,OKL,64,25.2,0.611(3.8/6.2),0.731(1.4/1.9),0,9,8.9,1,0.8,1.1,0.8,1.2
99,Reggie Jackson ,"PG,SG",LAC,75,30.2,0.441(5.6/12.6),0.831(1.4/1.7),2.6,15.2,4.1,5.1,0.9,0.1,1.6,1.13
100,Saddiq Bey ,SF,DET,76,33.5,0.422(5.2/12.3),0.855(2.2/2.6),3.1,15.8,5.6,1.8,0.9,0.3,1.1,1.08
101,Jalen Suggs ,"PG,SG",ORL,73,31.2,0.441(6.0/13.6),0.753(1.9/2.5),1.4,15.3,4.3,5.4,1.4,0.3,2.9,1.03
102,Dwight Powell,"PF,C",DAL,68,26.2,0.637(3.2/5.1),0.814(2.6/3.2),0.2,9.2,6.3,1.7,0.9,0.8,1.1,1.02
103,Jonathan Isaac ,"SF,PF",ORL,56,27.1,0.451(3.7/8.3),0.767(1.4/1.8),0.8,9.6,5.1,1.1,1.2,1.6,1.1,0.98
104,De'Andre Hunter,"SF,PF",ATL,70,29.4,0.476(5.2/10.8),0.864(3.2/3.7),1.4,14.9,4.8,1.9,0.8,0.5,1.3,0.94
105,Andrew Wiggins,"SG,SF",GSW,74,32.1,0.476(6.8/14.2),0.708(2.3/3.3),1.9,17.7,4.7,2.3,0.9,1,1.7,0.9
106,Mason Plumlee,"PF,C",CHA,68,28.1,0.616(4.1/6.6),0.660(1.9/2.9),0,10,9,3.5,0.8,0.9,1.8,0.89
107,Jordan Poole,"PG,SG",GSW,74,27.6,0.441(5.6/12.8),0.897(3.0/3.3),2.7,16.9,2.5,2.7,0.7,0.3,1.4,0.82
108,Keldon Johnson,"SF,PF",SAS,74,31.2,0.474(6.4/13.4),0.749(2.3/3.1),1.4,16.4,6.5,2.2,1,0.4,1.2,0.81
R#,PLAYER,POS,TEAM,GP,MPG,FG%,FT%,3PM,PTS,TREB,AST,STL,BLK,TO,TOTAL
109,Evan Mobley,C,CLE,73,28.5,0.475(4.8/10.0),0.706(2.0/2.8),0.6,12.1,7.5,1.9,0.7,1.7,2,0.81
110,Bobby Portis ,"PF,C",MIL,75,25.2,0.516(5.2/10.0),0.744(0.9/1.2),1.2,12.5,7.8,1.2,0.9,0.4,0.9,0.8
111,Jordan Clarkson,"PG,SG",UTA,74,26.7,0.424(6.7/15.7),0.904(1.9/2.1),3.1,18.3,4,2.5,0.9,0.1,1.7,0.78
112,Joe Ingles,"SG,SF",UTA,74,27.1,0.488(4.0/8.2),0.849(1.1/1.3),2.6,11.8,3.5,4.7,0.7,0.2,1.7,0.76
113,Kyle Anderson,"SF,PF",MEM,75,25.1,0.467(3.9/8.4),0.780(1.8/2.4),1.2,10.9,5.1,3.2,1.1,0.7,1.1,0.64
114,Joe Harris,"SG,SF",BRO,78,31.2,0.505(5.2/10.3),0.778(0.7/0.9),3.1,14.3,3.6,1.9,0.7,0.2,0.9,0.63
115,Chuma Okeke ,PF,ORL,68,30.1,0.432(4.0/9.2),0.769(0.9/1.2),1.4,10.3,5.1,2.8,1.4,0.6,1,0.63
116,Klay Thompson ,"SG,SF",GSW,45,26.8,0.460(6.7/14.6),0.816(1.3/1.6),2.8,17.5,3,1.8,0.8,0.5,1.1,0.58
117,Daniel Gafford,C,WAS,69,20.2,0.691(3.9/5.7),0.652(1.8/2.7),0,9.6,5.7,0.7,0.7,1.8,1.1,0.5
118,De'Anthony Melton,"PG,SG",MEM,70,22.8,0.434(3.7/8.6),0.796(0.9/1.1),1.9,10.3,3.5,2.8,1.2,0.7,1.5,0.29
119,Danny Green ,"SG,SF",PHI,74,28.2,0.417(3.3/7.9),0.833(0.5/0.6),2.4,9.5,3.8,1.7,1.2,0.7,1,0.19
120,Ivica Zubac,C,LAC,79,22.9,0.655(3.9/5.9),0.790(2.0/2.6),0,9.8,7.7,1.4,0.3,1,1.2,0.19
R#,PLAYER,POS,TEAM,GP,MPG,FG%,FT%,3PM,PTS,TREB,AST,STL,BLK,TO,TOTAL
121,Khem Birch,"PF,C",TOR,74,29.8,0.499(3.8/7.7),0.715(1.8/2.6),0.3,9.8,7.6,1.7,0.9,1.2,0.9,0.1
122,Jae'Sean Tate,"SF,PF",HOU,76,29.1,0.506(4.5/8.8),0.716(1.5/2.1),0.9,11.3,5.4,2.5,1.2,0.5,1.4,0.09
123,Wendell Carter Jr.,C,ORL,67,28.8,0.507(4.7/9.3),0.725(2.6/3.6),0.3,12.4,9,2.1,0.7,0.9,1.5,0.07
124,Mo Bamba,C,ORL,68,22.5,0.476(3.7/7.8),0.708(1.2/1.7),1,9.6,7,1,0.4,1.8,1,0
125,Dennis Schroder,PG,BOS,74,29.4,0.432(5.0/11.5),0.850(3.1/3.7),1.1,14.1,3.2,5.3,1,0.2,2.5,-0.06
126,Jaden McDaniels,PF,MIN,75,27.9,0.451(4.3/9.5),0.688(0.8/1.1),1.4,10.7,5,1.9,0.8,1.3,0.9,-0.11
127,Al Horford ,"PF,C",BOS,68,24.8,0.459(4.1/8.9),0.818(0.9/1.1),1.3,10.3,5.4,3,0.7,0.7,0.8,-0.12
128,Larry Nance Jr.,"PF,C",POR,68,27.1,0.474(3.2/6.7),0.645(0.8/1.2),1,8,5.8,2.7,1.5,0.4,1.4,-0.13
129,Matisse Thybulle ,"SG,SF",PHI,74,24.6,0.438(2.5/5.6),0.571(0.2/0.4),0.9,6,2.2,1.2,1.7,1.3,0.6,-0.15
130,Jalen Green,SG,HOU,73,31.8,0.435(6.5/14.9),0.789(2.0/2.5),2.4,17.4,3.6,2.4,1.2,0.2,2.7,-0.18
131,Thomas Bryant ,C,WAS,38,25.2,0.647(5.3/8.2),0.664(1.4/2.2),0.8,12.9,5.5,1.4,0.4,0.7,1,-0.19
132,Will Barton,"SG,SF",DEN,70,32.5,0.434(5.8/13.4),0.791(1.8/2.3),1.9,15.3,4.2,3.3,0.9,0.4,1.8,-0.21
R#,PLAYER,POS,TEAM,GP,MPG,FG%,FT%,3PM,PTS,TREB,AST,STL,BLK,TO,TOTAL
133,RJ Barrett,"SG,SF",NYK,75,34.4,0.447(6.9/15.5),0.763(3.0/3.9),1.8,18.6,5.9,3.1,0.7,0.3,2,-0.23
134,Montrezl Harrell,"PF,C",WAS,68,25,0.593(5.4/9.2),0.703(2.8/4.0),0,13.7,6.7,1.2,0.8,0.8,1.2,-0.28
135,Thaddeus Young,"PF,C",SAS,70,22.1,0.551(4.9/8.9),0.587(0.9/1.6),0.2,11,5.6,3.9,1,0.6,1.8,-0.31
136,Aleksej Pokusevski,SF,OKL,70,27.3,0.433(5.0/11.5),0.766(1.1/1.4),2,13.1,5.7,2.6,0.5,1.1,2.6,-0.32
137,Dillon Brooks ,"SG,SF",MEM,67,29.6,0.422(6.5/15.3),0.826(2.4/2.9),1.9,17.2,2.9,2.3,1.2,0.4,1.8,-0.38
138,Kyle Kuzma,"SF,PF",WAS,71,29.1,0.452(6.4/14.2),0.740(1.1/1.5),2.1,16.1,6.1,1.9,0.6,0.6,1.7,-0.44
139,Derrick Rose,"PG,SG",NYK,65,23.2,0.467(5.2/11.1),0.877(2.0/2.3),0.9,13.3,2.4,3.8,0.9,0.4,1.5,-0.45
140,Desmond Bane,"PG,SG",MEM,76,28.9,0.461(4.5/9.8),0.840(0.8/0.9),2.3,12,4.1,2.5,0.8,0.3,1.2,-0.46
141,Terrence Ross,"SG,SF",ORL,68,28.4,0.410(5.3/12.9),0.866(2.5/2.9),1.8,15.1,3.4,2.3,1,0.5,1.6,-0.51
142,Isaiah Roby ,C,OKL,72,24.2,0.485(4.0/8.2),0.757(1.7/2.2),0.6,10.1,6.4,2.1,1,0.7,2.2,-0.53
143,Facundo Campazzo,PG,DEN,73,26.1,0.394(2.3/5.7),0.856(1.4/1.7),1.4,7.4,2.4,4.3,1.4,0.2,1.3,-0.59
144,Josh Giddey,"PG,SG",OKL,70,29.8,0.413(4.2/10.2),0.691(0.9/1.4),1.1,10.5,6.8,4.3,1.2,0.5,3,-0.59
R#,PLAYER,POS,TEAM,GP,MPG,FG%,FT%,3PM,PTS,TREB,AST,STL,BLK,TO,TOTAL
145,Royce O'Neale,"SF,PF",UTA,75,31.4,0.446(2.5/5.6),0.857(0.6/0.7),1.5,7,6.8,2.5,0.8,0.5,1.2,-0.59
146,Bojan Bogdanovic,"SF,PF",UTA,78,30.7,0.434(5.6/12.9),0.864(3.2/3.7),2.5,16.9,3.9,1.9,0.6,0.1,1.8,-0.59
147,Victor Oladipo ,"SG,SF",MIA,35,26.5,0.422(5.5/13.1),0.763(2.5/3.3),1.9,15.5,3.9,3.7,1.1,0.3,2,-0.61
148,Duncan Robinson ,"SG,SF",MIA,80,30,0.440(4.2/9.5),0.905(0.9/1.0),3.3,12.5,3.3,1.7,0.6,0.3,1.1,-0.65
149,Danilo Gallinari ,"SF,PF",ATL,65,22.6,0.430(3.8/8.8),0.941(3.0/3.2),1.9,12.5,4,1.4,0.6,0.2,0.8,-0.66
150,Brandon Clarke,"SF,PF",MEM,70,24,0.511(4.3/8.4),0.683(1.3/1.9),0.3,10.3,5.6,1.6,1,0.9,0.6,-0.67
151,Serge Ibaka ,"PF,C",LAC,64,22,0.505(4.2/8.4),0.844(1.0/1.2),0.9,10.4,6.3,1.7,0.2,1,1,-0.67
152,Tim Hardaway Jr. ,"SG,SF",DAL,77,30.2,0.446(6.2/13.8),0.801(2.1/2.7),3.2,17.7,3.5,1.9,0.4,0.2,1,-0.68
153,Alperen Sengun,C,HOU,70,20.8,0.531(4.1/7.8),0.796(1.7/2.1),0.5,10.5,6.4,1.2,0.6,0.9,1.9,-0.69
154,Lauri Markkanen,"PF,C",CLE,68,27.4,0.477(4.9/10.3),0.834(1.5/1.8),2.2,13.6,5.3,0.9,0.5,0.3,1,-0.77
155,Terance Mann,SF,LAC,76,25.7,0.483(4.2/8.6),0.856(1.9/2.2),1,11.2,5.5,2.5,0.6,0.3,0.9,-0.77
156,Devonte' Graham,"PG,SG",NOP,70,28.5,0.378(4.3/11.3),0.825(2.2/2.7),3,13.7,2.5,5,0.8,0.1,1.4,-0.79
R#,PLAYER,POS,TEAM,GP,MPG,FG%,FT%,3PM,PTS,TREB,AST,STL,BLK,TO,TOTAL
157,Cameron Payne,"PG,SG",PHX,72,20.5,0.486(3.7/7.7),0.877(0.9/1.1),1.4,9.8,2.8,4.2,0.7,0.4,1.2,-0.83
158,Donte DiVincenzo ,"PG,SG",MIL,60,26.9,0.421(3.7/8.8),0.729(0.8/1.1),2,10.1,5.6,3,1.1,0.2,1.4,-0.84
159,Tyler Herro ,PG,MIA,70,27,0.443(5.5/12.5),0.817(1.7/2.1),1.9,14.7,4.8,3.3,0.6,0.3,1.8,-0.86
160,T.J. Warren ,"SF,PF",IND,40,29.2,0.525(6.8/13.0),0.802(1.9/2.4),1.1,16.7,3.4,1.3,0.5,0.4,1.1,-0.86
161,Dorian Finney-Smith,"SF,PF",DAL,75,28.1,0.475(3.5/7.3),0.770(0.5/0.6),1.9,9.3,5.1,1.6,0.8,0.4,0.8,-0.92
162,Marcus Morris Sr. ,"PF,C",LAC,71,26.9,0.465(4.9/10.5),0.811(1.3/1.6),2.6,13.7,4.2,1,0.6,0.3,1,-0.93
163,Seth Curry,"PG,SG",PHI,70,29.2,0.464(4.6/9.8),0.859(1.2/1.4),2.2,12.7,2.4,2.7,0.8,0.1,1.1,-0.98
164,Tyrese Maxey,"PG,SG",PHI,72,26.8,0.463(5.5/12.0),0.850(1.7/2.0),0.8,13.6,2.9,4.5,0.7,0.3,1.2,-1
165,Markelle Fultz ,"PG,SG",ORL,46,27.3,0.428(5.1/12.0),0.876(2.1/2.4),0.5,12.9,3.1,5.4,0.9,0.3,2.3,-1.07
166,LaMarcus Aldridge,"PF,C",BRO,55,21.6,0.493(4.5/9.1),0.830(1.8/2.2),0.7,11.5,4.5,1.5,0.4,1,0.9,-1.1
167,Daniel Theis ,"PF,C",HOU,70,25.2,0.542(4.0/7.3),0.651(1.1/1.7),0.8,9.8,5.6,1.7,0.6,0.9,1,-1.13
168,Malik Beasley,"PG,SG",MIN,71,28.5,0.438(5.7/13.1),0.815(1.5/1.8),2.8,15.7,3.5,1.9,0.6,0.2,1.3,-1.18
R#,PLAYER,POS,TEAM,GP,MPG,FG%,FT%,3PM,PTS,TREB,AST,STL,BLK,TO,TOTAL
169,Ricky Rubio,PG,CLE,70,22.5,0.383(2.4/6.3),0.863(1.6/1.9),0.9,7.4,2.8,5.5,1.3,0.1,1.4,-1.2
170,Nicolas Batum,"SF,PF",LAC,71,25.1,0.468(2.7/5.7),0.780(0.6/0.8),1.5,7.4,4.3,2,0.9,0.6,0.7,-1.24
171,Jeremy Lamb,"SG,SF",IND,60,20.4,0.429(3.2/7.4),0.864(1.9/2.2),1.3,9.6,3.5,1.4,0.9,0.7,0.6,-1.29
172,Josh Hart,"SG,SF",NOP,67,27,0.439(3.0/6.8),0.792(1.4/1.8),1.2,8.6,7.5,2.2,0.8,0.3,1,-1.34
173,Jae Crowder,"SF,PF",PHX,72,27.4,0.403(3.3/8.1),0.767(1.0/1.3),2.5,10,4.7,2.1,0.8,0.4,0.9,-1.4
174,Patrick Williams ,"SF,PF",CHI,68,30.2,0.487(3.9/7.9),0.732(1.4/1.9),0.9,10,4.9,1.5,1,0.6,1.5,-1.43
175,Trey Murphy III,"SG,SF",NOP,72,25.4,0.437(3.6/8.3),0.848(1.0/1.1),2,10.2,3.4,1.3,0.9,0.5,1,-1.43
176,Aaron Gordon ,"SF,PF",DEN,72,31.7,0.464(5.0/10.7),0.641(2.1/3.2),1.3,13.3,6.1,3.1,0.8,0.8,2.1,-1.48
177,Goran Dragic,"PG,SG",TOR,64,26.4,0.433(4.7/10.9),0.835(2.0/2.4),1.8,13.2,3.3,4.3,0.7,0.1,2.4,-1.54
178,Marvin Bagley III ,"PF,C",SAC,62,26.7,0.501(5.7/11.4),0.702(1.8/2.6),0.9,14.2,7.4,1,0.5,0.5,1.4,-1.55
179,Cole Anthony,PG,ORL,72,25.9,0.422(4.5/10.7),0.821(2.2/2.7),1.2,12.4,4.5,3.9,0.7,0.4,2.2,-1.6
180,Talen Horton-Tucker ,"SG,SF",LAL,76,22.2,0.467(4.2/8.9),0.748(1.8/2.4),0.7,10.8,3.1,3.3,1.2,0.4,1.9,-1.65
R#,PLAYER,POS,TEAM,GP,MPG,FG%,FT%,3PM,PTS,TREB,AST,STL,BLK,TO,TOTAL
181,Eric Bledsoe,"PG,SG",LAC,76,28.1,0.421(4.5/10.7),0.715(2.0/2.8),1.8,12.7,3.6,4,1,0.3,1.7,-1.66
182,Coby White ,"PG,SG",CHI,62,25.6,0.418(4.7/11.1),0.906(1.6/1.8),2.1,13,3.3,3.7,0.5,0.2,2,-1.67
183,Andre Drummond,C,PHI,74,20.6,0.522(4.2/8.0),0.597(1.9/3.1),0,10.2,8.4,1.4,0.9,1,1.5,-1.68
184,Killian Hayes ,"PG,SG",DET,70,29.4,0.381(4.1/10.7),0.831(1.6/1.9),0.9,10.6,3,6,1.1,0.5,3.6,-1.69
185,John Wall ,PG,HOU,26,22.1,0.422(4.9/11.6),0.758(2.7/3.6),1.3,13.8,2.2,4.9,0.9,0.6,2.4,-1.7
186,Juan Toscano-Anderson,"SF,PF",GSW,68,20.1,0.543(2.3/4.3),0.732(0.4/0.6),0.7,5.8,4.5,2.8,0.8,0.5,1.2,-1.76
187,Jalen Brunson,"PG,SG",DAL,72,24,0.522(4.6/8.8),0.820(1.7/2.1),1.2,12.1,3.3,3.4,0.5,0,1.2,-1.78
188,Devin Vassell,SG,SAS,75,22.1,0.431(3.0/7.0),0.883(1.0/1.1),1.4,8.4,3.9,1.3,1,0.4,0.6,-1.84
189,Scottie Barnes,SF,TOR,74,26.9,0.451(4.5/10.0),0.646(0.8/1.3),0.4,10.3,4.4,3.3,1.2,0.5,2,-1.85
190,Rui Hachimura ,"SF,PF",WAS,70,31,0.473(5.5/11.6),0.786(2.2/2.9),0.8,14,5.6,1.4,0.8,0.1,1.2,-1.86
191,Monte Morris ,"PG,SG",DEN,70,26.4,0.478(4.2/8.7),0.817(1.3/1.5),1.2,10.7,2.1,3.3,0.7,0.3,0.7,-1.87
192,Kevin Love,"PF,C",CLE,30,22.2,0.406(3.6/9.0),0.848(1.5/1.8),2,10.8,6.6,2.2,0.5,0.1,1.3,-1.9
R#,PLAYER,POS,TEAM,GP,MPG,FG%,FT%,3PM,PTS,TREB,AST,STL,BLK,TO,TOTAL
193,Oshae Brissett,"SF,PF",IND,60,19.2,0.486(2.7/5.5),0.774(1.9/2.4),1.2,8.5,4.2,0.7,0.7,0.8,0.4,-1.92
194,Otto Porter Jr.,"SF,PF",GSW,69,23.1,0.432(3.7/8.6),0.868(1.4/1.6),1.5,10.3,5.8,2.1,0.6,0.1,1,-1.94
195,Alec Burks,"SG,SF",NYK,67,23.1,0.422(3.9/9.2),0.871(1.9/2.2),1.9,11.5,4.2,2,0.5,0.3,0.9,-1.94
196,Josh Richardson,"SG,SF",BOS,68,24.8,0.428(3.8/8.8),0.947(1.4/1.5),1.3,10.2,2.8,2.2,0.8,0.3,1.1,-1.98
197,Justin Holiday ,"SG,SF",IND,78,27.1,0.414(3.2/7.8),0.755(0.8/1.1),2.1,9.4,3.1,1.5,0.9,0.5,0.7,-1.99
198,Kelly Oubre Jr. ,"SG,SF",CHA,74,26.2,0.439(4.9/11.2),0.688(1.9/2.7),1.4,13.1,5.1,1.1,0.9,0.7,1.1,-2.06
199,Nicolas Claxton,C,BRO,67,20.8,0.622(3.2/5.1),0.500(1.1/2.3),0,7.4,5.8,1,0.8,1.5,0.7,-2.1
200,Gary Trent Jr.,"SG,SF",TOR,70,31.1,0.408(5.3/13.0),0.776(1.4/1.7),2.7,14.7,2.6,1.4,1,0.2,0.7,-2.1
201,Cameron Johnson,"SF,PF",PHX,72,26.7,0.424(3.8/9.0),0.804(0.9/1.1),2.2,10.8,3.8,1.6,0.7,0.3,0.8,-2.14
202,Enes Kanter,C,BOS,60,18.4,0.602(3.3/5.4),0.781(1.3/1.6),0,7.8,7.7,0.8,0.4,0.5,0.8,-2.18
203,Lonnie Walker IV ,"SG,SF",SAS,74,28.1,0.434(5.8/13.3),0.835(1.1/1.3),2.2,14.8,2.9,1.9,0.6,0.3,1.2,-2.18
204,Isaac Okoro,SG,CLE,76,34.1,0.436(4.2/9.7),0.736(2.0/2.7),1.2,11.7,3.6,2.2,1.1,0.5,1.5,-2.19
R#,PLAYER,POS,TEAM,GP,MPG,FG%,FT%,3PM,PTS,TREB,AST,STL,BLK,TO,TOTAL
205,Blake Griffin ,"PF,C",BRO,68,25.5,0.427(3.8/8.8),0.761(1.9/2.5),1.5,10.9,4.8,3,0.7,0.3,1.3,-2.2
206,Doug McDermott,"SF,PF",SAS,74,27.1,0.499(5.6/11.2),0.801(1.3/1.7),1.7,14.2,3.7,1.4,0.3,0.1,0.9,-2.29
207,Immanuel Quickley,PG,NYK,74,21.8,0.396(4.1/10.2),0.891(2.7/3.0),2,12.8,2.4,2.3,0.6,0.2,1,-2.32
208,Eric Gordon ,"SG,SF",HOU,60,24.9,0.434(4.8/11.1),0.831(2.9/3.4),2.1,14.6,1.8,2.1,0.4,0.4,1.6,-2.35
209,Delon Wright,"PG,SG",ATL,68,18.4,0.464(2.5/5.4),0.803(1.1/1.3),0.7,6.8,2.9,2.9,1.1,0.3,0.9,-2.36
210,Xavier Tillman,"PF,C",MEM,67,20,0.549(3.0/5.5),0.663(0.7/1.0),0.4,7.2,4.7,1.4,0.8,0.7,0.9,-2.36
211,Kevin Huerter,"SG,SF",ATL,74,24,0.434(3.6/8.2),0.786(0.6/0.7),1.6,9.3,2.6,2.7,0.9,0.2,0.9,-2.44
212,Shake Milton ,"PG,SG",PHI,71,23.6,0.453(4.9/10.7),0.820(2.3/2.8),1.1,13.2,2.3,3.1,0.6,0.3,1.6,-2.44
213,Naz Reid,C,MIN,76,18,0.518(4.0/7.7),0.665(1.5/2.2),0.8,10.5,4.3,0.9,0.5,1,0.9,-2.52
214,Bruce Brown,SG,BRO,74,20.1,0.554(3.2/5.8),0.722(1.2/1.6),0.3,7.9,4.9,1.4,0.8,0.4,0.7,-2.6
215,Davis Bertans,"PF,C",WAS,65,23.2,0.405(3.1/7.6),0.900(1.6/1.8),2.7,10.3,2.7,0.8,0.5,0.2,0.5,-2.61
216,Reggie Bullock ,"SG,SF",DAL,74,25.7,0.442(3.3/7.4),0.896(0.7/0.8),2.1,9.3,2.9,1.3,0.7,0.2,0.6,-2.61
R#,PLAYER,POS,TEAM,GP,MPG,FG%,FT%,3PM,PTS,TREB,AST,STL,BLK,TO,TOTAL
217,Kendrick Nunn ,"PG,SG",LAL,74,20.1,0.483(3.9/8.0),0.907(0.7/0.8),1.5,10,2.2,1.8,0.7,0.2,1,-2.67
218,Jeff Green ,"SF,PF",DEN,70,26.4,0.487(3.7/7.6),0.748(1.8/2.3),1.5,10.7,3.8,1.6,0.5,0.4,0.8,-2.75
219,Kenrich Williams ,"SF,PF",OKL,60,20.7,0.532(3.2/5.9),0.594(0.6/1.0),0.8,7.7,3.9,2.2,0.9,0.3,1.2,-2.85
220,Rudy Gay ,"SF,PF",UTA,68,18.9,0.419(3.7/8.8),0.814(1.1/1.4),1.5,10,4.2,1.2,0.6,0.5,0.9,-2.87
221,Luguentz Dort ,"SG,SF",OKL,70,29.1,0.391(4.7/12.0),0.750(2.3/3.1),2.2,13.7,3.5,1.7,0.9,0.4,1.5,-2.98
222,Wayne Ellington ,"SG,SF",LAL,69,26.2,0.433(3.6/8.3),0.756(0.7/0.9),2.8,10.7,2.2,1.7,0.5,0.2,0.8,-3.05
223,Pat Connaughton,"SG,SF",MIL,71,22.5,0.429(2.4/5.5),0.831(0.5/0.6),1.5,6.7,4.7,1.2,0.7,0.3,0.5,-3.06
224,KJ Martin Jr.,SF,HOU,62,20.1,0.507(3.1/6.0),0.683(1.1/1.6),0.7,7.9,4.6,0.9,0.6,0.8,0.7,-3.06
225,Gabe Vincent,PG,MIA,68,14.2,0.428(2.1/4.9),0.800(0.4/0.5),1.3,5.8,1.3,2.5,1.3,0,0.2,-3.07
226,Trevor Ariza ,"SG,SF",LAL,38,20.1,0.437(2.6/6.0),0.795(0.9/1.1),1.3,7.4,3.6,1.3,0.7,0.4,0.5,-3.09
227,Steven Adams,C,MEM,68,25.8,0.621(3.1/4.9),0.435(0.9/2.1),0,7.1,8.3,1.8,0.8,0.7,1.3,-3.09
228,DeMarcus Cousins,"PF,C",FA,50,15.4,0.432(2.8/6.6),0.701(1.2/1.8),1.1,7.9,5.7,1.7,0.7,0.5,1.4,-3.1
R#,PLAYER,POS,TEAM,GP,MPG,FG%,FT%,3PM,PTS,TREB,AST,STL,BLK,TO,TOTAL
229,JaVale McGee,C,PHX,62,15.4,0.508(3.2/6.3),0.665(1.0/1.6),0.1,7.5,5.4,0.8,0.4,1.2,1.3,-3.13
230,Jaxson Hayes ,C,NOP,67,16.1,0.617(2.9/4.7),0.800(1.6/2.0),0.1,7.5,4.3,0.6,0.4,0.6,0.7,-3.14
231,Jarred Vanderbilt ,"PF,C",MIN,69,15.8,0.596(2.1/3.5),0.573(0.9/1.5),0,5.1,5.4,1.2,1,0.7,0.8,-3.17
232,Davion Mitchell,SG,SAC,70,22.1,0.440(2.9/6.5),0.721(0.8/1.1),1.3,7.8,1.4,3,1.2,0.1,1.8,-3.18
233,Payton Pritchard ,PG,BOS,74,20.8,0.445(3.1/6.9),0.857(0.7/0.8),1.8,8.6,2.6,2.1,0.7,0.1,0.9,-3.21
234,Cody Zeller ,C,POR,68,18.2,0.559(3.3/5.9),0.719(1.6/2.2),0.1,8.2,5.9,1.6,0.5,0.4,0.9,-3.24
235,Tony Bradley ,C,CHI,72,15.1,0.660(2.9/4.3),0.692(0.8/1.2),0,6.5,5.3,0.8,0.4,0.7,0.7,-3.26
236,Raul Neto,PG,WAS,63,18.4,0.472(2.8/5.9),0.917(1.0/1.1),0.8,7.3,2,1.9,0.9,0.1,0.7,-3.27
237,Taurean Prince,"SF,PF",MIN,70,20.1,0.400(2.9/7.2),0.842(1.4/1.7),1.3,8.5,3.1,1.7,0.6,0.6,1,-3.27
238,Tomas Satoransky,"PG,SG",NOP,70,19.4,0.509(2.5/4.9),0.858(1.0/1.2),0.6,6.6,2.1,4,0.6,0.2,1.5,-3.29
239,Alex Caruso,"PG,SG",CHI,70,21.7,0.434(2.4/5.5),0.619(0.8/1.3),1,6.6,3,2.9,1.1,0.3,1.3,-3.3
240,Kentavious Caldwell-Pope,"PG,SG",WAS,64,22.4,0.439(2.6/5.9),0.881(1.2/1.3),1.4,7.7,2.1,1.5,0.7,0.3,0.8,-3.3
R#,PLAYER,POS,TEAM,GP,MPG,FG%,FT%,3PM,PTS,TREB,AST,STL,BLK,TO,TOTAL
241,Kevon Looney,"PF,C",GSW,69,22.4,0.563(2.1/3.8),0.656(0.6/0.9),0.1,4.9,6.2,2.2,0.5,0.5,0.7,-3.32
242,James Wiseman ,C,GSW,48,22.2,0.515(5.0/9.7),0.636(1.4/2.3),0.3,11.8,5.9,0.7,0.3,0.9,1.5,-3.32
243,Chris Duarte,SG,IND,71,19.2,0.445(2.7/6.1),0.807(0.9/1.1),1.5,7.9,2.6,1.5,0.8,0.4,2.1,-3.43
244,DeAndre Jordan,C,LAL,62,18.2,0.750(2.7/3.6),0.500(0.7/1.3),0,6,6.1,1.3,0.2,0.9,1.2,-3.45
245,Dwight Howard,C,LAL,74,22.5,0.591(2.7/4.5),0.602(1.9/3.1),0.1,7.3,8.7,0.9,0.4,0.9,1.6,-3.47
246,Deni Avdija,"SG,SF",WAS,68,25.1,0.421(3.2/7.6),0.684(0.7/1.0),1.1,8.1,5.2,2.1,0.7,0.3,0.7,-3.47
247,Ty Jerome,"PG,SG",OKL,51,19.2,0.448(3.1/7.0),0.800(0.6/0.8),1.8,8.6,2.3,3,0.5,0.2,1.1,-3.5
248,Furkan Korkmaz,"SG,SF",PHI,71,20.5,0.402(3.3/8.2),0.736(1.2/1.6),1.9,9.7,2.2,1.6,1,0.2,0.9,-3.56
249,Patty Mills,PG,BRO,76,22.4,0.422(3.4/8.1),0.833(0.9/1.1),2.5,10.3,1.5,2.2,0.5,0,0.9,-3.58
250,Cedi Osman,"SF,PF",CLE,72,24.1,0.374(3.5/9.3),0.812(1.2/1.5),1.6,9.7,3.2,2.7,0.8,0.2,1.3,-3.59
251,Paul Millsap,"PF,C",BRO,58,14.9,0.477(2.7/5.7),0.821(1.5/1.8),0.7,7.6,3.8,1.1,0.6,0.4,0.9,-3.61
252,Malachi Flynn,PG,TOR,74,19.9,0.417(3.3/7.9),0.802(1.0/1.2),1.2,8.7,2.5,2.9,0.8,0.1,0.9,-3.66
R#,PLAYER,POS,TEAM,GP,MPG,FG%,FT%,3PM,PTS,TREB,AST,STL,BLK,TO,TOTAL
253,Franz Wagner,"SG,SF",ORL,70,21.4,0.456(3.0/6.5),0.785(0.8/1.1),1,7.8,2.9,1.6,0.7,0.4,1.1,-3.68
254,Dewayne Dedmon ,C,MIA,68,16,0.589(2.3/3.9),0.769(1.2/1.6),0.1,6,5.1,0.8,0.6,0.4,0.8,-3.72
255,Jordan McLaughlin ,PG,MIN,64,18.1,0.417(2.0/4.7),0.831(0.5/0.6),0.7,4.9,2.1,3.7,1,0.1,1,-3.74
256,Darius Bazley ,"SF,PF",OKL,70,30,0.397(4.8/12.1),0.718(2.2/3.1),1.4,13.2,6.9,1.7,0.5,0.5,2.1,-3.75
257,Cory Joseph,PG,DET,68,18.9,0.470(2.6/5.6),0.783(0.9/1.2),0.6,6.7,2.1,2.8,0.8,0.3,1,-3.8
258,Carmelo Anthony,"SF,PF",LAL,72,20.5,0.417(3.5/8.3),0.870(1.5/1.7),1.4,9.8,2.3,1.1,0.5,0.4,0.7,-3.83
259,Cam Reddish,"SG,SF",ATL,68,22.1,0.393(2.8/7.1),0.821(2.0/2.4),1,8.6,3,1,1,0.2,1,-3.92
260,Precious Achiuwa,"SF,PF",TOR,70,25.5,0.547(4.2/7.7),0.545(1.8/3.4),0,10.2,6.9,1,0.6,1,1.4,-3.93
261,Kira Lewis Jr,PG,NOP,69,21.1,0.386(3.0/7.8),0.885(1.0/1.1),0.9,8,1.6,2.9,0.9,0.3,0.8,-3.98
262,Theo Maledon,PG,OKL,69,25.4,0.383(3.2/8.5),0.769(1.5/2.0),1.5,9.5,3.1,3.2,0.7,0.2,2,-4
263,Onyeka Okongwu ,"PF,C",ATL,20,14.1,0.632(2.2/3.5),0.636(0.8/1.3),0,5.4,3.9,0.5,0.6,0.8,0.7,-4.03
264,Tre Mann ,SG,OKL,68,18.4,0.419(3.3/7.9),0.809(0.9/1.1),1.3,8.8,3.1,2,0.8,0.1,1.8,-4.07
R#,PLAYER,POS,TEAM,GP,MPG,FG%,FT%,3PM,PTS,TREB,AST,STL,BLK,TO,TOTAL
265,Malik Monk ,"PG,SG",LAL,69,20.4,0.432(3.7/8.6),0.818(1.3/1.5),1.8,10.5,2.2,1.9,0.5,0.1,1.2,-4.18
266,Maxi Kleber,"PF,C",DAL,70,18.1,0.418(1.7/4.1),0.852(0.5/0.6),1.3,5.2,3.9,1,0.4,0.5,0.4,-4.21
267,Anfernee Simons ,"PG,SG",POR,73,21.3,0.412(3.2/7.8),0.775(0.9/1.1),2.3,9.6,2.7,1.7,0.4,0.1,0.9,-4.21
268,JaMychal Green ,"PF,C",DEN,70,17.1,0.462(2.7/5.8),0.798(0.7/0.9),1.2,7.2,4.3,0.8,0.4,0.4,0.8,-4.23
269,Khyri Thomas,SG,HOU,26,12.4,0.450(2.4/5.4),0.753(0.7/1.0),0.7,6.3,1.5,2,0.7,0.5,0.5,-4.27
270,Patrick Beverley ,"PG,SG",MIN,60,16.1,0.415(1.8/4.3),0.835(0.7/0.9),1.1,5.3,2.3,1.5,0.6,0.6,0.6,-4.27
271,Luke Kennard,"SG,SF",LAC,66,20.5,0.470(3.2/6.9),0.808(0.4/0.5),1.7,8.6,2.7,1.8,0.3,0.1,0.8,-4.27
272,Hassan Whiteside,"PF,C",UTA,72,16.8,0.563(3.5/6.2),0.502(1.1/2.2),0,8,5.9,0.6,0.3,1.3,1.1,-4.35
273,Austin Rivers,"PG,SG",DEN,68,23.1,0.426(2.8/6.7),0.670(0.6/0.9),1.5,7.7,2.3,2.3,0.8,0.1,1,-4.37
274,P.J. Tucker ,"PF,C",MIA,77,27.1,0.382(1.4/3.5),0.808(0.4/0.5),0.8,3.8,4.1,1.3,0.7,0.4,0.8,-4.39
275,Goga Bitadze,C,IND,54,12.5,0.432(1.9/4.3),0.710(1.0/1.4),0.5,5.2,3.4,0.8,0.2,1.4,0.4,-4.42
276,Taj Gibson,"PF,C",NYK,30,13.8,0.629(1.5/2.3),0.750(0.6/0.8),0.1,3.6,3.7,0.5,0.5,0.7,0.3,-4.46
R#,PLAYER,POS,TEAM,GP,MPG,FG%,FT%,3PM,PTS,TREB,AST,STL,BLK,TO,TOTAL
277,Ish Smith,PG,CHA,71,17.4,0.446(3.1/6.9),0.697(0.6/0.9),0.6,7.4,2.2,3.4,0.6,0.3,1,-4.47
278,Grayson Allen,"SG,SF",MIL,60,16.4,0.422(2.3/5.4),0.889(1.0/1.2),1.4,6.9,2.1,1.4,0.6,0.1,0.7,-4.5
279,Obi Toppin,"SF,PF",NYK,73,18.1,0.501(2.8/5.6),0.742(0.5/0.7),0.7,6.8,3.6,0.8,0.5,0.3,0.7,-4.52
280,Lou Williams ,"PG,SG",ATL,50,17.4,0.408(3.2/7.9),0.885(1.9/2.1),0.9,9.1,1.7,2.7,0.6,0.1,1.3,-4.53
281,D.J. Augustin,PG,HOU,68,18.5,0.400(2.2/5.6),0.880(1.4/1.6),1.4,7.2,1.6,3.1,0.5,0,1,-4.62
282,Mike Muscala,"PF,C",OKL,52,15.8,0.447(2.9/6.5),0.894(0.8/0.9),1.6,8.2,3.2,0.7,0.2,0.3,0.5,-4.66
283,Kent Bazemore,"SG,SF",LAL,46,17.1,0.444(2.0/4.5),0.768(0.9/1.1),0.9,5.7,2.6,0.9,0.7,0.5,0.9,-4.68
284,Josh Jackson,"SG,SF",DET,60,18.2,0.421(3.4/8.1),0.740(1.9/2.5),0.9,9.6,2.9,1.6,0.6,0.6,1.6,-4.7
285,Landry Shamet,"PG,SG",PHX,70,20.2,0.413(2.7/6.6),0.851(1.0/1.1),1.8,8.2,1.6,1.4,0.4,0.2,0.7,-4.72
286,Naji Marshall,SF,NOP,56,15.9,0.408(1.8/4.5),0.738(1.4/1.9),0.7,5.8,3.8,2.3,0.7,0.2,1,-4.74
287,Rajon Rondo,PG,LAL,40,12.4,0.438(2.1/4.8),0.667(0.4/0.6),0.8,5.4,2.4,3.5,0.7,0.1,1.7,-4.78
288,David Nwaba,"SG,SF",HOU,50,16.3,0.485(2.5/5.2),0.695(1.1/1.6),0.4,6.6,2.8,0.7,0.7,0.5,0.4,-4.82
R#,PLAYER,POS,TEAM,GP,MPG,FG%,FT%,3PM,PTS,TREB,AST,STL,BLK,TO,TOTAL
289,George Hill,"PG,SG",MIL,70,17.8,0.485(2.5/5.2),0.763(1.0/1.4),0.8,6.9,1.6,1.9,0.6,0.2,0.8,-4.82
290,Tyus Jones,PG,MEM,70,14,0.424(2.0/4.7),1.000(0.5/0.5),0.5,5,1.6,2.9,0.7,0.1,0.6,-4.84
291,Josh Okogie ,"SG,SF",MIN,68,19.2,0.401(1.6/4.0),0.776(1.3/1.7),0.5,5,2.6,1,0.9,0.5,0.7,-4.85
292,Aaron Nesmith,"SG,SF",BOS,66,19.1,0.444(2.3/5.3),0.800(0.7/0.9),1.2,6.6,3.8,0.7,0.4,0.3,0.7,-4.85
293,Hamidou Diallo,"SG,SF",DET,70,20.8,0.477(3.8/7.9),0.640(2.2/3.4),0.4,10.2,4.6,1.7,0.7,0.4,1.3,-4.89
294,Jonathan Kuminga ,"SF,PF",GSW,69,18.4,0.425(3.0/7.2),0.643(0.6/1.0),0.7,7.4,3.4,1,0.7,0.5,1.3,-4.97
295,Moe Harkless,"SF,PF",SAC,70,19.1,0.423(1.7/4.1),0.752(0.8/1.1),0.6,4.7,2.2,1.1,0.7,0.6,0.6,-4.99
296,R.J. Hampton,PG,ORL,64,22.8,0.446(3.5/7.8),0.683(1.4/2.0),0.6,9,4.5,2.1,0.5,0.2,1.4,-5.02
297,Torrey Craig,"SG,SF",IND,62,13.1,0.489(1.8/3.7),0.727(0.2/0.3),0.7,4.5,3.2,0.8,0.5,0.4,0.4,-5.02
298,Isaiah Hartenstein,PF,FA,50,12.1,0.541(2.0/3.6),0.662(1.0/1.5),0,5,3.8,1.2,0.4,0.8,1,-5.03
299,Gorgui Dieng,"PF,C",ATL,44,10.4,0.513(1.6/3.0),0.835(1.1/1.3),0.6,4.8,2.6,0.9,0.5,0.3,0.6,-5.04
300,Jeff Teague,"PG,SG",MIL,70,16.5,0.423(2.1/5.0),0.845(1.5/1.8),0.7,6.4,1.5,2.3,0.6,0.2,1.1,-5.11
R#,PLAYER,POS,TEAM,GP,MPG,FG%,FT%,3PM,PTS,TREB,AST,STL,BLK,TO,TOTAL
301,Alex Len,"PF,C",SAC,36,13.2,0.626(2.3/3.7),0.610(0.9/1.5),0.1,5.7,3.4,0.7,0.3,0.9,0.8,-5.14
302,Terence Davis,"SG,SF",SAC,61,14.6,0.426(2.6/6.2),0.784(0.6/0.7),1.3,7.2,2.1,1.2,0.6,0.2,0.8,-5.19
303,Markieff Morris ,"PF,C",MIA,74,19.4,0.403(2.5/6.1),0.747(0.6/0.8),1.1,6.6,4.3,1.2,0.4,0.3,0.9,-5.22
304,Saben Lee,PG,DET,40,15.4,0.476(2.0/4.2),0.683(1.2/1.8),0.2,5.3,1.9,3.4,0.7,0.3,1,-5.31
305,Nassir Little ,SF,POR,68,17.2,0.457(2.1/4.5),0.888(1.0/1.2),0.8,6,3.5,0.7,0.1,0.4,0.5,-5.33
306,Moses Moody,SF,GSW,65,17.1,0.418(2.8/6.7),0.800(0.9/1.2),1,7.5,2.3,1,0.5,0.3,0.9,-5.34
307,Derrick Jones Jr.,"SG,SF",CHI,70,18.1,0.479(2.0/4.1),0.627(0.8/1.3),0.6,5.3,2.8,0.6,0.5,0.7,0.5,-5.44
308,Bones Hyland,"PG,SG",DEN,68,18.5,0.413(2.7/6.5),0.711(0.6/0.9),1.5,7.5,1.8,1,0.8,0.1,1.4,-5.47
309,Andre Iguodala,"SG,SF",GSW,30,13.6,0.431(1.2/2.7),0.667(0.2/0.3),0.5,3,2.4,1.6,0.5,0.7,0.9,-5.48
310,Bismack Biyombo,C,FA,68,19.4,0.594(2.1/3.5),0.437(0.7/1.5),0,4.7,5,1.1,0.3,1,1,-5.48
311,Willie Cauley-Stein,"PF,C",DAL,61,14.2,0.649(1.8/2.8),0.600(0.8/1.3),0,4.4,3.7,0.6,0.3,0.7,0.4,-5.51
312,James Bouknight,SG,CHA,68,17.2,0.453(2.8/6.2),0.695(0.9/1.3),1.1,7.6,3.1,0.4,0.7,0.1,1.5,-5.61
R#,PLAYER,POS,TEAM,GP,MPG,FG%,FT%,3PM,PTS,TREB,AST,STL,BLK,TO,TOTAL
313,Max Strus,SG,MIA,55,16.7,0.459(2.8/6.2),0.662(0.5/0.8),1.7,7.8,1.4,0.8,0.4,0.1,0.3,-5.61
314,Moses Brown,C,DAL,50,12.4,0.540(2.0/3.7),0.619(1.0/1.7),0,5,5.2,0.1,0.4,0.6,0.6,-5.61
315,Nemanja Bjelica,PF,GSW,47,14.4,0.473(2.3/4.9),0.781(0.9/1.1),0.6,6.1,3,1.7,0.4,0.1,0.8,-5.62
316,JJ Redick,SG,FA,60,17.1,0.394(2.5/6.3),0.919(1.1/1.2),1.6,7.7,1.6,1.2,0.3,0.1,0.8,-5.62
317,Eric Paschall,"PF,C",UTA,68,17.9,0.493(3.8/7.7),0.710(1.7/2.5),0.5,9.7,3.3,1.3,0.3,0.2,1.1,-5.64
318,Moritz Wagner,"PF,C",ORL,30,12.2,0.451(1.7/3.9),0.840(1.2/1.4),0.5,5.2,2.4,0.8,0.5,0.3,0.8,-5.65
319,Denzel Valentine,"SG,SF",CHI,64,15.9,0.374(2.4/6.3),1.000(0.3/0.3),1.2,6.2,3,1.6,0.5,0.1,0.7,-5.66
320,Robin Lopez,C,ORL,34,13.2,0.634(2.6/4.2),0.740(1.0/1.3),0.1,6.3,2.6,0.6,0.1,0.4,0.8,-5.71
321,Sterling Brown,"SG,SF",DAL,50,13.8,0.426(2.0/4.7),0.760(0.6/0.8),0.8,5.3,3.3,1,0.6,0.1,0.8,-5.76
322,Trey Burke,PG,DAL,68,14.7,0.420(2.4/5.7),0.888(0.8/0.9),0.9,6.4,0.9,1.3,0.6,0.1,0.5,-5.79
323,Jalen McDaniels,"PF,C",CHA,44,14.4,0.467(2.2/4.7),0.718(0.8/1.1),0.6,5.7,2.8,0.9,0.5,0.3,0.8,-5.8
324,Frank Kaminsky,C,PHX,50,13.7,0.474(2.3/4.9),0.621(0.7/1.2),0.6,5.9,3.6,1.5,0.3,0.4,0.5,-5.83
R#,PLAYER,POS,TEAM,GP,MPG,FG%,FT%,3PM,PTS,TREB,AST,STL,BLK,TO,TOTAL
325,Tony Snell ,"SG,SF",POR,62,17.1,0.527(1.5/2.9),1.000(0.2/0.2),1.1,4.3,2,1.1,0.2,0.2,0.3,-5.83
326,Dean Wade,"PF,C",CLE,55,15.4,0.428(1.6/3.8),0.830(0.4/0.5),0.9,4.6,2.7,0.9,0.4,0.2,0.4,-5.84
327,Abdel Nader,"SF,PF",PHX,64,15.1,0.483(2.1/4.3),0.746(0.9/1.1),0.9,5.9,1.8,0.7,0.4,0.4,0.8,-5.84
328,Tristan Thompson,"PF,C",SAC,71,17.7,0.518(2.3/4.4),0.589(1.0/1.6),0,5.6,6,0.9,0.3,0.4,0.8,-5.86
329,Ziaire Williams,SF,MEM,64,17.8,0.412(3.0/7.3),0.780(0.7/0.9),0.8,7.5,2.2,1,0.6,0.2,1.1,-5.91
330,Yogi Ferrell,"PG,SG",LAC,30,11,0.397(1.6/4.0),0.778(0.6/0.7),0.7,4.5,1.5,1.8,0.6,0.2,0.2,-5.96
331,Boban Marjanovic,C,DAL,44,10.1,0.513(2.3/4.6),0.810(1.1/1.4),0,5.8,4.8,0.4,0.1,0.3,0.5,-5.97
332,Aron Baynes,C,FA,20,16,0.439(2.2/4.9),0.754(0.5/0.7),0.4,5.3,4.5,0.8,0.3,0.3,0.8,-5.97
333,Paul Reed,SF,PHI,40,7.4,0.534(1.7/3.2),0.656(0.2/0.3),0,3.7,2.5,0.5,0.4,0.5,0.5,-6.02
334,Freddie Gillespie,SF,TOR,18,11.1,0.514(1.9/3.7),0.708(0.9/1.2),0,4.7,2.9,0.2,0.4,0.6,0.4,-6.06
335,Drew Eubanks,"PF,C",SAS,30,10,0.563(1.6/2.9),0.753(0.7/1.0),0,4,3.2,0.6,0.2,0.7,0.8,-6.09
336,Jaylen Nowell,SG,MIN,40,13.2,0.424(2.4/5.8),0.849(0.8/0.9),0.9,6.5,1.7,1.1,0.4,0.2,0.5,-6.12
R#,PLAYER,POS,TEAM,GP,MPG,FG%,FT%,3PM,PTS,TREB,AST,STL,BLK,TO,TOTAL
337,Chimezie Metu,PF,SAC,45,11,0.500(2.0/4.0),0.753(0.7/1.0),0.3,5.1,2.5,0.7,0.3,0.4,0.7,-6.15
338,Bryn Forbes,"PG,SG",SAS,68,16.1,0.425(2.4/5.7),0.843(0.8/0.9),1.5,7.1,1.3,1.1,0.3,0,0.6,-6.18
339,DeAndre' Bembry,"SF,PF",BRO,10,12.1,0.511(1.5/2.8),0.695(0.6/0.8),0.2,3.7,1.8,1.3,0.6,0.3,0.9,-6.22
340,PJ Dozier ,"PG,SG",DEN,60,17.1,0.422(2.4/5.6),0.618(0.6/1.0),0.7,6,2.8,1.4,0.5,0.3,0.7,-6.23
341,Gary Harris,"SG,SF",ORL,60,22.2,0.381(3.2/8.3),0.794(1.3/1.6),1.1,8.6,1.1,1.6,0.6,0.2,1,-6.26
342,Damion Lee,"SG,SF",GSW,40,11.4,0.479(1.4/2.9),0.875(0.4/0.5),0.8,3.9,1.9,0.8,0.4,0.1,0.3,-6.26
343,Kai Jones,C,CHA,30,15.1,0.548(1.9/3.4),0.577(0.5/0.8),0.1,4.3,2.6,0.1,0.4,0.7,0.8,-6.3
344,Aaron Holiday,PG,WAS,30,14.2,0.414(1.5/3.5),0.803(0.5/0.6),0.6,4,1.2,1.9,0.5,0.2,1,-6.44
345,Willy Hernangomez,C,NOP,40,10.2,0.560(1.8/3.2),0.655(0.7/1.1),0,4.4,4,0.6,0.3,0.3,0.4,-6.44
346,Killian Tillie,C,MEM,30,12,0.403(1.3/3.3),0.797(0.6/0.7),0.7,3.9,1.6,0.5,0.4,0.5,0.1,-6.48
347,Timothe Luwawu-Cabarrot,"SG,SF",FA,62,15.2,0.361(1.8/5.1),0.862(0.5/0.6),1.1,5.4,1.8,1,0.5,0.1,0.6,-6.63
348,Ben McLemore,"SG,SF",POR,58,16.1,0.377(2.5/6.5),0.702(0.7/0.9),1.7,7.3,1.8,0.7,0.4,0.2,0.8,-6.64
R#,PLAYER,POS,TEAM,GP,MPG,FG%,FT%,3PM,PTS,TREB,AST,STL,BLK,TO,TOTAL
349,Dario Saric ,"PF,C",PHX,5,10.2,0.456(1.8/3.9),0.858(1.0/1.1),0.5,5,2.2,0.7,0.3,0.1,0.6,-6.66
350,Cody Martin,"SG,SF",CHA,47,10.4,0.379(1.1/2.9),0.667(0.8/1.2),0.6,3.6,2.7,1,0.6,0.2,0.7,-6.76
351,Danuel House Jr.,"SF,PF",HOU,56,17.1,0.408(2.0/5.0),0.610(0.7/1.2),1,5.8,2.4,1.3,0.4,0.3,0.7,-6.78
352,Jevon Carter,PG,BRO,20,8.8,0.423(1.0/2.5),0.806(0.3/0.3),0.7,3,1.2,0.9,0.5,0.2,0.3,-6.8
353,Tyler Johnson,"PG,SG",BRO,40,14.4,0.403(1.6/3.9),1.000(0.4/0.4),1,4.4,1.6,1,0.3,0,0.3,-6.8
354,Michael Carter-Williams ,"PG,SG",ORL,22,15.1,0.391(2.2/5.7),0.614(1.1/1.7),0.3,5.8,3,2.7,0.5,0.3,1.4,-6.82
355,Justise Winslow,PF,LAC,68,20.1,0.358(3.0/8.4),0.569(0.8/1.4),0.4,7,4.6,2,0.6,0.4,1.4,-6.85
356,Romeo Langford,SG,BOS,20,17.1,0.393(1.7/4.2),0.775(0.7/0.9),0.5,4.5,2.5,0.9,0.4,0.3,0.8,-6.88
357,Frank Jackson,PG,DET,60,14.2,0.438(2.4/5.5),0.775(0.9/1.2),0.8,6.5,1.5,1,0.3,0.1,0.8,-6.89
358,Grant Williams,"SF,PF",BOS,60,12.8,0.435(1.3/3.0),0.629(0.4/0.6),0.6,3.6,2.2,0.8,0.4,0.3,0.7,-6.89
359,Grant Riller ,PG,FA,24,7.4,0.647(2.1/3.2),0.000(0.0/0.0),0.6,4.9,0.2,0.8,0.2,0,0.2,-6.93
360,Rodney Hood ,"SG,SF",MIL,60,21.1,0.362(2.1/5.8),0.803(0.5/0.6),0.7,5.5,2.3,1.2,0.5,0.1,0.9,-6.95
R#,PLAYER,POS,TEAM,GP,MPG,FG%,FT%,3PM,PTS,TREB,AST,STL,BLK,TO,TOTAL
361,Troy Brown Jr.,"SG,SF",CHI,54,14.5,0.427(1.7/3.9),0.661(0.4/0.6),0.7,4.4,2.9,0.8,0.3,0.2,0.6,-6.97
362,Dylan Windler,SF,CLE,30,10.1,0.428(1.1/2.6),0.782(0.4/0.6),0.5,3.2,2.1,0.7,0.4,0.2,0.6,-6.99
363,Elfrid Payton,PG,PHX,40,14.2,0.439(2.6/5.9),0.706(0.7/1.0),0.2,6.1,2,1.9,0.4,0.1,1,-6.99
364,Edmond Sumner,"PG,SG",IND,38,9.2,0.528(1.6/3.0),0.811(0.7/0.9),0.4,4.2,1,0.5,0.3,0.1,0.6,-7.14
365,Alize Johnson,"SF,PF",CHI,14,8.2,0.493(1.0/2.1),0.667(0.6/0.9),0.2,2.8,4.1,0.6,0.3,0.1,0.6,-7.14
366,Jarrett Culver,"PG,SG",MEM,30,13.1,0.409(1.9/4.7),0.647(0.9/1.3),0.4,5.1,3,0.7,0.5,0.3,0.8,-7.21
367,Garrett Temple,"PG,SG",NOP,40,12.4,0.411(1.3/3.1),0.780(0.3/0.4),0.6,3.5,1.3,1,0.4,0.2,0.5,-7.22
368,Yuta Watanabe ,"SF,PF",TOR,20,9,0.455(1.4/3.0),0.783(0.5/0.7),0.3,3.7,1.9,0.5,0.3,0.2,0.2,-7.23
369,Corey Kispert,"SG,SF",WAS,44,12.4,0.424(2.1/5.0),0.804(0.5/0.6),1.1,5.8,1.4,0.5,0.2,0.1,0.9,-7.28
370,Tre Jones ,PG,SAS,60,10.1,0.474(1.4/2.9),1.000(0.7/0.7),0.1,3.5,0.8,1.5,0.3,0,0.6,-7.3
371,Leandro Bolmaro,SF,MIN,30,10,0.434(1.4/3.1),0.802(0.7/0.8),0.4,3.8,1.1,1.5,0.4,0.1,1.4,-7.34
372,Jahlil Okafor,C,BRO,8,10.4,0.621(1.9/3.0),0.658(0.5/0.7),0.1,4.3,1.9,0.4,0.2,0.2,0.6,-7.52
373,Jalen Johnson,SF,ATL,20,10.1,0.453(1.1/2.5),0.652(0.5/0.7),0.1,2.8,2.8,0.4,0.3,0.4,0.8,-7.52
374,Jock Landale ,C,SAS,40,10.1,0.474(1.9/4.0),0.725(0.5/0.7),0.1,4.4,2.6,0.7,0.2,0.2,0.8,-7.54
375,Marko Simonovic,C,CHI,30,10,0.459(1.5/3.2),0.782(0.7/0.9),0.3,3.9,2.2,0.4,0.2,0.2,0.7,-7.58
376,Miye Oni,SG,UTA,34,10,0.374(1.1/2.9),0.804(0.4/0.5),0.6,3.2,1.6,0.4,0.4,0.2,0.4,-7.6
377,James Johnson ,"PF,C",BRO,30,10.5,0.452(1.2/2.7),0.623(0.4/0.6),0.2,3,1.7,0.7,0.3,0.3,0.4,-7.7
378,Solomon Hill,"SG,SF",ATL,40,12.5,0.359(0.9/2.5),0.707(0.3/0.4),0.6,2.6,1.8,0.6,0.4,0.1,0.4,-7.72
379,Cameron Thomas,SG,BRO,62,16.8,0.411(2.7/6.5),0.838(0.7/0.8),1,7,1.1,0.4,0.2,0.1,1.1,-7.72
380,Zach Collins ,"PF,C",SAS,10,10,0.468(1.1/2.4),0.704(0.2/0.3),0.2,2.6,2.4,0.6,0.2,0.2,0.5,-7.77
381,Semi Ojeleye ,"SF,PF",MIL,58,14,0.401(1.3/3.3),0.673(0.3/0.5),0.8,3.8,2.1,0.6,0.3,0,0.3,-7.85
382,Lamar Stevens,SF,CLE,30,10.1,0.469(1.3/2.7),0.692(0.7/1.0),0.1,3.3,1.9,0.5,0.3,0.2,0.5,-7.89
383,Jake Layman,"SF,PF",MIN,10,10,0.448(1.6/3.6),0.703(0.5/0.6),0.5,4.1,1.1,0.3,0.3,0.2,0.5,-7.9
384,KZ Okpala,SF,MIA,57,14.1,0.386(1.2/3.0),0.489(0.2/0.5),0.4,2.9,2.1,0.6,0.4,0.4,0.5,-7.9
385,Jaden Springer,SG,PHI,28,11,0.418(1.4/3.3),0.804(0.8/1.0),0.2,3.8,1.4,1,0.3,0.1,1,-7.95
386,Anthony Tolliver,"SF,PF",PHI,40,12.5,0.252(0.6/2.2),0.831(0.7/0.8),0.6,2.1,1.3,0.3,0.4,0.3,0.4,-7.97
387,Jared Butler,SG,UTA,30,10,0.417(1.0/2.4),0.750(0.3/0.4),0.7,3,1,1,0.3,0,0.9,-8
388,Bol Bol,"PF,C",DEN,30,8.1,0.444(1.3/2.9),0.608(0.5/0.8),0.5,3.5,1.3,0.3,0.2,0.5,0.6,-8.08
389,Keon Johnson,SF,LAC,20,10,0.413(1.6/3.8),0.678(0.6/0.9),0.3,4.1,1.8,1.1,0.3,0.1,1,-8.12
390,Luka Garza,C,DET,20,10,0.462(1.2/2.6),0.706(0.6/0.9),0.2,3.2,2.5,0.2,0.2,0.2,0.8,-8.12
391,Josh Green,"SG,SF",DAL,58,12.1,0.459(1.2/2.6),0.500(0.3/0.6),0.1,2.8,2.1,0.7,0.4,0.1,0.4,-8.15
392,Rodney McGruder ,"SG,SF",DET,10,10,0.459(0.8/1.8),0.633(0.2/0.3),0.3,2.1,1.7,0.5,0.3,0.1,0.3,-8.16
393,Trey Lyles,"PF,C",DET,30,8,0.455(1.0/2.2),0.714(0.3/0.4),0.2,2.5,2.5,0.3,0.1,0.1,0.2,-8.16
394,Rondae Hollis-Jefferson,"SF,PF",FA,40,11.1,0.503(0.9/1.8),0.535(0.9/1.7),0,2.9,2.8,1.4,0.2,0.5,0.2,-8.19
395,Juancho Hernangomez,"PF,C",MEM,10,8.1,0.432(1.5/3.4),0.627(0.7/1.1),0.6,4.2,2.3,0.4,0.2,0.1,0.3,-8.21
396,Sekou Doumbouya,"SF,PF",BRO,20,8,0.446(1.3/2.9),0.719(0.5/0.6),0.3,3.3,1.5,0.5,0.2,0.1,0.5,-8.27
397,Damyean Dotson,SG,CLE,40,12.4,0.406(1.6/4.0),0.620(0.3/0.5),0.6,4.2,1.3,1.3,0.2,0.1,0.6,-8.28
398,Miles McBride,PG,NYK,22,10,0.419(1.1/2.7),0.755(0.4/0.5),0.2,2.8,1.1,0.9,0.3,0.1,0.7,-8.33
399,Wes Iwundu,"SG,SF",CHA,20,8.4,0.421(0.8/2.0),0.825(0.7/0.8),0.2,2.5,1.1,0.5,0.2,0.1,0.2,-8.35
400,Luka Samanic,PF,SAS,45,10.2,0.438(1.5/3.5),0.551(0.5/1.0),0.4,4,2.3,0.5,0.2,0.2,0.7,-8.38
